"007c6312-a28b-42cd-9e17-d1ef9e33b55b","Dorthy.Ratke","Era_Carroll@yahoo.com","TsjQCC0X6luBvOdV4NUc"
"037a642a-1085-4ca9-89bf-0f2fcde9add6","Jane.Hickle","Casandra_Romaguera29@yahoo.com","4pYlQ7ViDT2BioNmJ876"
"0391578c-7f25-47c8-bd45-a2b6c719db32","Candice.Reichert25","Brisa_Nikolaus@gmail.com","unSIdnxT9uUXB55JMycQ"
"0643da85-7d28-45f5-8e3e-dcf6d124415b","Quinn.Weber65","Elda.Morissette@yahoo.com","vlMRi0FWyToyKwFpPGKB"
"0719674b-0ca9-4fb3-81d2-92d1264edb3a","Jaqueline_Nicolas","Cathrine.Greenfelder@yahoo.com","Uv1Xw9iRa_nyZMrS6bkj"
"07657867-57cd-4887-94f8-b8a807c4e301","Liza.Hartmann","Kira_Hettinger54@gmail.com","Vvtr7kXT3yWZhoHe2y75"
"0774e218-7609-4c6b-b0fa-237c46f398a5","Mina_Weissnat72","Amanda.Daugherty52@yahoo.com","MpNa10I9aFHtOpndSOTc"
"09004807-b3c1-40eb-8d7f-5ab1256c5fd4","Krista_Macejkovic26","Zula_Pollich54@hotmail.com","VhQHc44gUreJgaoJS1Bc"
"097d43ba-b62d-46b7-ab9c-4908ee79beb0","Ryder53","Bailey.Howell65@hotmail.com","244Ouo2d1X2lAdqnUs7p"
"0b8964ef-c476-42de-a5da-07378692a498","Mabel.Maggio16","Rhoda72@yahoo.com","hitzkGb2YeeSJZXjEExi"
"0c82c908-a9da-488e-86ce-d5f8a6cf4447","Clement48","Tamara60@yahoo.com","7sAjSLmO3Gav8ybB6GdV"
"0e24b449-66a3-46ac-8852-8dcf755031d6","Dayne21","Dario_Okuneva@gmail.com","0z0XEeq1QrvBYd7B84B7"
"0eb1f897-c1b9-4522-9be4-9b8a3672b03f","abhishek","Ford.Wiza@gmail.com","YQUMKd9zP2X0GedlzLqy"
"110a841d-c457-427b-b984-22dedb56c559","Raven.Rutherford","Donnell_Labadie@gmail.com","eontRdPuwm_PlR9HajIk"
"11889848-89b9-4e50-b686-6edca2d6b7d8","abhi","Bradly.Block@gmail.com","pUvo4zIuvRdvLWxLIWWm"
"1215f372-a3fc-4c74-8411-6e4eef38e0f5","Ron.Romaguera","Kaitlyn.Dickens@gmail.com","tT0Qt5GsqMH1aJzk6PNK"
"123","123_newuser","abc@gmail.com","abc"
"123b","123_newuserb","abc@gmail.comb","abcb"
"123c","123_newuserc","abc@gmail.comc","abcc"
"12a81ec2-c501-4469-ad5b-e039f1dbf364","Muhammad.Stracke9","Brandon.Waters@gmail.com","AoLa86nEbDuUOUpSrQc2"
"140ed5ff-b009-46b5-be75-afa7140aa6bc","Judy.McClure","Fay55@hotmail.com","XxjDaHM5D3Zf9sOTSxPQ"
"16407f60-d3bd-4bf9-be4b-e4a056889182","Genoveva41","Henri72@yahoo.com","rZEtk_OAVTzZWUf60e5D"
"197d1604-347d-43f1-9a53-4e6966d25fc7","Rachel.Romaguera","Ida53@hotmail.com","Cq6HXePzWCXhOMi2NtEa"
"19808de8-027d-4652-bab2-196a93ef477a","Juwan_Howell","Sarah.Marvin30@hotmail.com","cqu8_UodWDLilVpZn80W"
"1a6b4bd9-4bd1-4f48-84de-f37b05e7d17e","Grayson58","Moriah.Kertzmann@yahoo.com","3r_UVOfkcFuP2ZeqPJNE"
"1a9fd19b-23a7-48bc-a9b9-dbf28be817cf","Fidel.Sanford9","Dayna_Von@yahoo.com","EYwA0UvxTfEScRokSzGN"
"1c3fddee-b703-4eeb-968a-ec744b982bab","Earline_Lueilwitz83","Shania24@gmail.com","V2_eL6nHBQ2LH_6kvf36"
"1e285b29-b7c1-47fd-bdd1-6466eab3e7d1","Erich28","Hilton.Ankunding1@gmail.com","9Z_0xvU1TsuylwVvJq6H"
"1e4aef6e-b547-499e-b9d5-2ba3f29b08b3","Antonio_Wisozk","Horacio.McClure79@hotmail.com","hcthxPawJi_hLILkOdry"
"1f1179e6-5517-4f78-b421-de17c52a73c3","Audra_Johnson","Mellie82@yahoo.com","EMj2k1dNTtmSLIR7QhT1"
"1f8e2db6-faf1-4917-a3f3-97da9c282a34","Waino_Jakubowski","Beth90@yahoo.com","fItNuFa16Y4TFTid9RfK"
"2279ae16-bc69-4dc5-931c-dee86fa40839","Everardo_Conroy","Bettie84@gmail.com","s_coJ62dzhg1LW8t4Ekh"
"22fa4aa1-9628-460c-8ed3-51bf95b28897","Jay.Adams92","Julien_Collier35@yahoo.com","3luQvTBiGL9kWwe5RPsX"
"257f9d14-2f9c-46c3-9b2d-94e74fa76f32","Rafaela_Thiel","Everette25@gmail.com","2ZsDKXGnUz9LYiXyCRgU"
"26463848-ccbc-43fb-88d5-a278c52e6ee4","Destany_Gibson80","Blake_Goldner@hotmail.com","TimdEaKbDkI32W3DtTn3"
"27abbd53-47c5-48e0-94c1-d15442a2e782","Ahmad.Graham49","Kamille11@yahoo.com","ueGWXZNnz2p8y9fSK4pB"
"28db203f-2612-4ae2-b934-82af769a0f11","Frida67","Brenda.Dicki42@gmail.com","FRd0ez8Z6sTT52qtcs3M"
"2a19cb4c-53d3-49ae-bedc-efb85336555e","Loy_Gottlieb52","Madaline.Franey@yahoo.com","mtU2htTFIfG0vfZHqdck"
"2ac2a4ee-059c-4da3-8d09-c7b0b47dfabb","Jerome.Beahan94","Ivory.Kunde76@yahoo.com","InwUkePAdCq6hJFUpdvD"
"2b0dc172-bd88-4217-aa7f-f68e2a0dbe41","Cecelia.Funk52","Art.Orn7@yahoo.com","BOQctFxPd4uoeru2D_2i"
"2b702ca0-344e-4c60-b360-86bc1b60d1d8","Presley.Lemke55","Anika75@yahoo.com","KFpdozLphb8ommudCZlE"
"2bc84b21-0405-4a69-ba7d-3e3d92b56a75","Reba_Rowe41","Johnpaul26@hotmail.com","_fPuXFnL9Dws63pkp4SY"
"2ca270ce-eec9-4386-a7d7-651617595b75","Adrain27","Therese60@yahoo.com","89GbnnOEQ0f9WC0Jatfh"
"2d610325-9970-40a5-8978-5c29ccd0f0e6","Lizeth.Waelchi45","Cali21@hotmail.com","_4XvISRL1Gh7x1Xm1s5Q"
"2dd0ee4b-1d40-43b6-8f72-0e4cff61094f","Yasmin.Torphy","Dimitri.Willms@hotmail.com","orkcQUJDnD9V1_n0F6g6"
"304acfe2-5069-4d44-9671-93775a53b621","Madilyn32","Casandra_Hamill@hotmail.com","DUp1Ia23LBaO9xomJSz5"
"31682939-6015-45b8-a41a-fabd3b88df19","Bettye_Cole","Raina7@gmail.com","vyYfZm3k11IJ_E_hE95J"
"3310092c-610a-4f07-8dc4-77f9c433b37a","Armando81","Emery32@gmail.com","IPHyKfMRPCraSaX4TRX6"
"334f8e8e-7a4e-4291-9990-d379d020d859","Ashleigh.Kiehn","Jada70@hotmail.com","u807K5ZlFPoDkhyocZly"
"367efe36-3382-483c-85b4-fc4b7af11367","Arvel.Predovic56","Karlee.Turcotte@yahoo.com","FEj4lAgc8Aerxs_gkxlz"
"370b1564-3c9a-4a2a-8ad6-8d0f2a23f201","Wilton.VonRueden","Shaina34@hotmail.com","bWbAvBHYK5Jbqx2qgeEZ"
"3892bb00-4649-49d0-8b21-7557a142f1d7","Lauriane_OConnell19","Richie41@hotmail.com","ma7oKD2p7o2obj50K0b5"
"3907b400-d697-45ca-a48e-70c4fc1ed9c4","Elody45","Freda.Frami@yahoo.com","YomhbffyJZ_68CFPrk0z"
"3a9c31a6-46e9-4397-9d42-985558f26000","Cory.Watsica75","Merl27@yahoo.com","R6DWbpuAsQM7QGcE0wYD"
"3af18752-e013-4e8f-acc0-4aec7e05f44c","Willard_Schaefer","Gaston_Gibson@gmail.com","furNpw8khSdkko6b2E8u"
"3be46ba0-57bf-46b9-9c5d-dc9bb92bc098","Aracely.Lemke","Lolita_Rowe13@yahoo.com","ycQ832fTtnktQPddMcXV"
"3dfbc39b-aefb-4490-874a-5e5b17969d9f","Kris39","Ernestina_Littel67@yahoo.com","nYZFQpRPiRmZr3yZ5WC2"
"3e82f5fa-b121-4d70-b10a-19f3eb3ce11e","Emmanuel9","Toni.Konopelski9@hotmail.com","di21fFVHuCrNRjSiZdRf"
"3e9ca8e4-f6e6-401d-a75f-e1811f486e18","Armani.Wintheiser33","Kelli.Stanton91@yahoo.com","6uTB9wsD0xapt9Ilk4mz"
"41abc092-6c66-4b29-855a-fafa2f698ece","Wilber_Torphy","Veda.Schroeder@gmail.com","lgOkYEGAqvPbLVUKmLGj"
"423d9c41-03af-4576-8496-5a37db807f85","Aubrey91","Pattie_Jenkins37@gmail.com","kQy7_sZ4DNsrWi0hQjKZ"
"42b08aea-64e9-4319-a404-1694b4083a9f","Elian_Cruickshank-Sawayn73","Stephen_Metz@gmail.com","8GVl9PO7orlZKKbEktR1"
"42f5519f-557b-4330-8ea5-c2a530e144bd","Gerda84","Alysa.Spencer29@hotmail.com","K92yI3jC5SCrWWaNu7Mz"
"435441d6-cfdb-45c9-b2e9-f7aaf3417180","Alanis79","Vallie_Pouros50@gmail.com","_cY5RkNsju2IXtBblb2r"
"44b97052-9b9e-40c7-ba3f-b25ffb927c0e","Ashlynn99","Taya27@hotmail.com","H0YrQIB_KFwd7EhTg2LQ"
"4695e1fa-3aea-4f9a-b6e7-22d2af6a6092","Pasquale18","Deion.Keeling@hotmail.com","jToyjl6PUjQ7FBEVbuAd"
"48670292-2cfb-4d3b-8cec-062909846396","Abel_Kirlin80","Kenyatta_Swift72@hotmail.com","jPZmSPNk5K368AUPCtbq"
"4a4a10b0-0324-4bad-8ef0-bbbd5b8164cb","Jess_Rohan15","Aliyah.Reilly28@gmail.com","uwz6a9gYev3r32dIutm5"
"4fe574c4-20bb-4a4a-9cdf-7110545ec162","Ben_Blick","Ewald_Sipes62@gmail.com","CAa_UzTnsVh1peEw1YqJ"
"501203dd-469f-4a2c-8855-428e281979b8","Javon.Goodwin50","Earnestine75@gmail.com","6RCnMR4G9JKsAaBhpgRY"
"5070e1f7-932b-4ea2-bf58-76c8463605f7","Kamille_Beer","Hattie66@yahoo.com","CRuwIx8SShIYFHI2wO4M"
"52269ab1-6081-48e5-bed9-b50ce5804ee8","Grayson.Ernser","Malachi.Conn29@gmail.com","P9lt54FN1s8UvSQw3yRM"
"546860ce-f515-448c-b65f-9fe543c73a02","Dejon23","Perry60@yahoo.com","EBGHTDHNloLp1n0lrpFo"
"549d3b83-5819-493a-9806-ba4a64127614","Khalid_Gleichner11","Jaden.Trantow86@hotmail.com","AGwFPW4y8usGXVBrh7k9"
"563211cf-e13d-4e06-b0a1-fbb459a72b0c","Roslyn.Corkery46","Mattie_Simonis@gmail.com","Ko2FZxGu9nFxO_p_7Vfp"
"5719381e-80a7-4af2-8abe-27a46384adc9","Lelah.Schultz","Garrett_Ryan30@gmail.com","wW02TerVuI9qT0kuZZPl"
"575c6583-870b-40ee-9ff4-91cde2f58bc7","Jennyfer.Reilly","Tanner_Crist46@hotmail.com","pBbRlEMIRr3gnOwJo6z6"
"5871b0e8-fb6e-48eb-a16c-c49395407f4c","Karina_Bradtke","Jermey_Huels43@yahoo.com","kSMTGH6cD1eJ2HJFM3Nk"
"58bca280-4bcd-4103-ba1c-1ab53580757a","Fay_Kiehn-Harber","Nedra.Strosin@gmail.com","7ppWvm9Ux32tfKrS29eT"
"5a6e85b3-e79f-4476-a0e0-38b38200c65a","Nova.Botsford6","Cooper96@yahoo.com","AS_uqRZwiAKTd9SQTUGw"
"5efa0b63-1591-4ca9-80ec-fab6fed98993","Enrique_Gerhold98","Madilyn_Stark@gmail.com","ydr4XPOIicPBxTsb7pq1"
"5f0af985-d201-4852-9127-678524ed560c","Alvis23","Ron.Russel97@hotmail.com","oeyW_rE2KdFpUXD2s09i"
"5f8daa6e-20db-4e1f-97a6-9315934e8155","Obie_Lang","Jaqueline.Herman@hotmail.com","joRZL50L2bS5eUCTKNvj"
"5f935f25-1c49-4d85-9f92-abe25b57d829","Zetta.Goyette58","Ruben74@yahoo.com","TAFOXQUk2t3mAtQh7jdB"
"60ce0aec-4dac-496b-ac96-91c6fc1be698","Ellsworth.Wisozk","Rosamond4@gmail.com","bmKePuFOz6clj69yh1kt"
"61371b3c-04f4-4193-ad7a-7f50313cd001","Jerod44","Dusty_Fritsch@yahoo.com","tNaVZ2BAEv97ZJ1D8nwR"
"6146f97f-6ac8-42ce-9359-caf19e1ab09d","Dishank","Trever.Gerlach@hotmail.com","lLi7PpoVsbl6puvZdjAK"
"63aba3b6-2bfb-42bd-a60e-69f4ffbf91fc","Jacky.Howe-Erdman89","Leda_Weimann49@yahoo.com","nVH5KWDQ9fwaGCrXu20K"
"63e9adda-08ed-4ae2-822b-c404e05dd931","Teresa_Blanda","Sebastian_Kuphal@gmail.com","SpXP_zLjCmhwyBPZNPQk"
"64df270e-3ee8-49b8-8fdd-6332f05a7396","Taya88","Wanda.Bosco@gmail.com","4s7SGbLaSp9y7I3RLzKL"
"6549d276-cf2e-4b98-bf2f-e19fd0fc3071","Diana.Smith43","Cade31@gmail.com","jzZFYoERCAmDbdog84oc"
"65dd6bdd-7b84-48e5-9f6d-4fcd81950996","Travis.Ortiz","Oswaldo.Kertzmann@gmail.com","UoleZ6YZa1iV3D4sIMFk"
"67a962ac-5cf2-4ef8-a57d-a14672aae45a","Rebeca.Hodkiewicz","Jarvis_Olson7@hotmail.com","1WesIr3_3t1C4GjpAZhZ"
"693f9c2d-4636-422d-9fa6-16a16bdb9a38","Florian81","Marlin96@yahoo.com","vhBCgdvFnkGqZHk8_Py6"
"6a7166bb-5a18-4de8-b4a1-069d9cddcfdb","Wendy.Marquardt","Gerda18@hotmail.com","fBv3O3EXekO38nrLP4NE"
"6acec171-dbe8-472a-bbb1-1c0d9aa84463","Shawn1","Elizabeth_Bernier-Dickinson2@hotmail.com","__K41qb3GUh7EXjW66WP"
"6b10b690-7d79-4a19-98fd-449be2adfd1c","Helmer19","Alexander.Ruecker@yahoo.com","tJ2XrgT2MR9EMQaEUmeq"
"6b5c9eb3-a9dd-4edb-ae97-054c2a064a7e","Chet31","Vivien_Marvin@hotmail.com","BE8sWvtsX3RktejQEpmB"
"6c418d89-0657-4bf2-8db3-06a88ef2cf39","Pablo47","Lenna89@hotmail.com","fUnKYYVhEFWlZHJtk1BZ"
"6c6dee7c-d125-4059-a64c-91cc61d6ec31","Ramona37","Earnestine88@hotmail.com","SmzXMZVWvL_ZqPZYcYu4"
"6c93fce2-4306-49ef-801c-a56eed388fa2","Winfield.Mitchell","Caleb_Lubowitz@gmail.com","DP4r4hvuYYoi4VyHHOTZ"
"6cfe7cdb-2452-43e3-afa6-5791414978e7","Duncan43","Abelardo.Welch@hotmail.com","LC3pA45StM4lo1lvDllq"
"6d48b5d1-3073-4ee0-8c3f-877e37add64e","Dayana.Stroman","Kendra14@yahoo.com","oDQvq5j5huZRyM0Bu4Ta"
"7014ba04-e5b1-4fe9-8cc1-d666de913592","Name_Schaden","Jany_Howell3@hotmail.com","MYZZBlFuDN318p5hP8Np"
"7144c6db-1635-4750-861b-b68eb47cbe8e","Anita91","Linnea_Franecki33@hotmail.com","YCA3r9fYa6LTZXikGQcX"
"716eebbb-0d1d-4669-ba99-19134015ccbf","Elinor_Kub33","Paolo.Parker@yahoo.com","ZoYJOtDmS2AXVswOho19"
"73e540ed-d472-4f10-8940-c79a4fd6b675","Rowland_Glover14","Angelita.Heaney@gmail.com","36r6Pp7BVLuKJNVRv3AO"
"73ee6a41-faa8-43e4-8276-4420343d94b2","Rupert.Rutherford","Luis57@hotmail.com","dLyYXp36EVUmBPjF5hM4"
"7494be31-ba27-4e05-8f80-d1a9e6ff0edf","Stacey_Balistreri-Franey24","Jameson.Dickinson2@hotmail.com","vtrbg0BWywoRJi_N9plt"
"7ead727a-7430-4e58-ac37-1b7cf0170312","Jade.OConnell-Stark","Forest.Gutkowski78@gmail.com","68SikZo8ctL0clwqqQ81"
"80bcddbf-86d3-42fb-968e-b6c25873c50f","Delores16","Bernice_Bogisich@gmail.com","ZzpJoyni6Pv3cZULlx2J"
"80f77d67-9f12-49d8-8e9e-92e0932ab9f2","Jovanny.Mitchell59","Karolann.Gislason@gmail.com","asYfGZ31Eg3NZoz7vvvW"
"815712d4-93e1-4342-bad0-225f659b62fa","Rene88","Corene.Herman95@hotmail.com","iKXjIaTByiWh1SFIPoVD"
"82861cf8-ed0b-4630-b7ea-2b7aa7f030db","Hollis69","Rhianna_Corkery@hotmail.com","mkAz29vxIjbeGOxvLlMj"
"8297873d-57d4-46ba-8d35-7670db019a5c","Danial62","Nikolas76@yahoo.com","9VVxFO2DzXqsVplIhu1l"
"83273220-1643-4d0a-a974-7a6ccb745459","Angel_Kreiger","Sienna.Senger@yahoo.com","e8nSFyFXVqUADIGjScg1"
"84929e90-1964-40ed-b35c-40268ec09a40","Lauryn_Hayes","Anthony_Langworth28@hotmail.com","Sr2xl49KxqCaia86uzEr"
"866c1222-d243-4379-898d-cd915f42b02b","Katheryn_Zboncak","Louie.Stehr71@gmail.com","_IgTBWfqviFDGpt2WMt0"
"875c4526-c9be-42f6-a831-c1b8955c62bc","Bianka62","Darby_Metz@gmail.com","U4QQAu7zZE5WN0obfP94"
"89e734b3-ebbf-4caf-bbf9-886f51fea747","Tatum_Schneider","Tierra.Pfeffer@yahoo.com","sePsEpQzl7U5scVherOq"
"8ae90509-6d66-4563-9fb7-c6d928d37037","Stephen79","Harmon.Mitchell@gmail.com","VtZTtdNf1u_s9_35zy0P"
"8d64d965-aa30-43b2-9c4c-35bd4712dc10","Fabian_Quigley","Adrianna35@gmail.com","1zlB9_5r7Khv1dBMv0j8"
"8db79724-df1b-4d33-ba23-205a64eab0aa","Roscoe_Bednar","Carol.Turcotte89@gmail.com","TbrbnpVnmNTEbLaajSkB"
"8f444824-3807-4df8-a6a9-fcec340dca5d","Antonietta_Hodkiewicz","Haven.Streich7@hotmail.com","Uu5hbfVVy8M0t6v0T2W0"
"8fb2464c-ef79-42d6-9b40-37719f2bd2d1","Sammie_Schoen25","Lessie.Fritsch@yahoo.com","2ktD9rLOzy4UHGYOOhk_"
"90201988-e5c4-49d6-b335-a93fdaf20837","Clementine_Lindgren","Mikayla_OConnell@gmail.com","CiKjs6meYahZGqT8wXhv"
"91fa10ea-e074-4f12-9c32-009331c37b90","Ramon42","Rodrigo.Hayes50@hotmail.com","TrRGb1T_GUxWDrlHPGR5"
"9320ead0-3b3e-4e3e-9109-ead16eb7a900","Adell_McCullough27","Laura.Emard4@gmail.com","AsdxGX7kpQ3Z8DWf_SwP"
"94d6e1fc-a6d5-4ba8-9dc4-dddb4559b1de","Sid_Bergnaum","Crystal41@gmail.com","sDeBAfplabj96YNLs4Bf"
"9580003a-6b0f-4b20-bad4-af7ad6e2cec1","Gregoria34","Callie6@hotmail.com","eqVgHpUkMNdn2F91xCdN"
"96368075-f197-4e19-992d-52316429a623","Quentin_Schuster98","Corine28@gmail.com","igzSyh3dV8ZQWFzis2Cc"
"977ff3cc-e0e2-4e8f-8fab-e9fab2717855","Demarcus.Goodwin","Anthony.Macejkovic@yahoo.com","NejPF9W3iG5DO3lPI9bP"
"982de2ce-1683-4a2c-a38a-63c6e32888a1","Davion19","Scot.Keeling@yahoo.com","4dWPOOpxorSPTCGtmk95"
"9961532b-9916-40d1-8d77-7483bba013ca","Ezekiel.Jones","Israel.Kuhic@hotmail.com","kzPbQ4M1Xvi8IjokL0lb"
"99e6faaf-e55e-436c-9ae7-d51776e082e6","Theron.Bergnaum","Isadore.Borer11@hotmail.com","Eay5EM7iAMA7TVwl6krL"
"9a0c555b-5e92-45db-96c1-3e47e0b202d2","Viviane66","Roselyn_Berge-Baumbach@yahoo.com","aSs_i1dSSNgQ77dGT0Jy"
"9bd0d49e-229c-4302-94f9-7136e6de19a5","Lonny_Volkman15","Albin_Witting95@yahoo.com","8modj08A3Ne0aUTcAVoV"
"9da9b239-5618-46c0-b17f-0a960268a940","Blaze82","Alva14@gmail.com","1hkGmbiVncjkleSWaxMJ"
"9df623a1-3876-40fd-ae19-2b68b7bb5200","Shaun92","Candace46@hotmail.com","kSunFUX6xEfO8IUFM9wA"
"9f8827fa-fd6a-47f6-8b91-eb4919ace13b","Bertram_Kessler29","Kenneth_Jacobson61@gmail.com","nJ6cg46m661qGYiU_7yq"
"9fc6801f-4426-4049-be54-5dfc014813c5","Gerhard_Murazik7","Nicklaus99@yahoo.com","3_HZj5mWUPbzYLj4hhL6"
"a089918d-d8d2-4af5-a54f-f0299281f92b","Hosea35","Gwen.Spinka@hotmail.com","qdGasRXelh1yLwc29nXi"
"a26dff0f-8d80-42fc-848c-5e892c0292a7","Lew21","Kaden.Beahan19@gmail.com","VfzxX9kGgJ41vJcY_Ul7"
"a36b7276-06f6-4efe-9b83-879cf13c70a4","Beulah.Brown","Alycia.Weissnat@hotmail.com","DLsAby902uTcT3Ariu_u"
"a49b5fe2-40fb-4763-9e68-d70e4aa7b49a","Brandyn_Halvorson","Brendon.Schneider@yahoo.com","lNMhCz0pGQ3Xaa6zWNWu"
"a5c3758e-0ddb-4f5a-818a-51c8de919f21","Hiram21","Edwina60@gmail.com","wLHBNQhwS7xDI8PSuaw5"
"a7084752-3a20-4279-80f9-40126198c9e6","Willow_Mayert","Vernie_Bailey55@yahoo.com","hwIF4vfWliMoHHUHgMql"
"a75d0eba-eaab-4444-95a2-7ab3dd327bd0","Winston87","Gussie.Hills90@yahoo.com","X8czBV03Wl4PAHQFE6wu"
"a76a382d-07a5-42d6-9437-069954362dab","Hyman23","Russ68@yahoo.com","yai4tjsTWe3IRvlP9uIL"
"a84fbd8b-d81a-41b2-9f9b-3d90704a1ba1","Adelia_Kulas","Tessie83@hotmail.com","h4sqnLXX69L1l7Gnl1px"
"a95e22ac-e131-42ce-af13-ce816a84f830","Candelario6","Marcelle59@hotmail.com","qE00H7GL6mLKcGPzXvN_"
"aadb05d1-6d12-46cb-9fb0-a726ad4c2dcf","Neha99","Clark2@hotmail.com","12OiIuhSHiDxyinn2bfw"
"abeb04f6-65f2-4e9a-9a23-c6178c60fb16","Else66","Roman.Dicki@yahoo.com","nSE7tvQoZ6iJKUraSuy6"
"ad74d64b-21a3-4e4f-878c-f3da182c594a","Zoey55","Darien.Wehner@yahoo.com","Deqmgdzy5GDic5q43uP6"
"ae67bace-de44-4d28-9a73-456e6f28c72c","Winifred.Boehm41","Philip22@hotmail.com","n119c0SXNdJCelMilmel"
"af94aef6-eb68-4b14-8e66-06bafe9e5ea2","Grant_Wolf","Jaida_Durgan@gmail.com","mLjKDplj8R7xl_ucTlsz"
"afea1081-837d-4b56-8fd7-9aa8fdf41169","Freda_Schuppe","Demond.Kohler@gmail.com","No0y3FZVG9XEJ_xpScLu"
"b012a25a-c3dd-4fdb-b122-e92fb11059c0","Kennith22","Anahi33@yahoo.com","x3PNIE2Hj9VMz4gqjCi8"
"b1cc8eec-55b6-421a-84e7-19d6c8815679","Bernita.Little","Audie54@yahoo.com","tRMXfiLOzSQL27rrQFz6"
"b240d847-aa33-4a1c-8870-564d49dfe43f","Taya_Stark15","Noble85@yahoo.com","uthRZijNY4iaczRbjp0Z"
"b33cf97c-d500-4864-b689-87084f72cc59","Adolphus.Fritsch","Gerhard_Raynor@yahoo.com","k5yrFKyn0Q_JC_lJfIP1"
"b434e6b4-c7be-44ba-9bb3-daf6ff6dea06","Sigrid_Gerlach","Jarod29@gmail.com","YneGnh5s2rYWipwkGq7J"
"b4aa3436-c9c3-430b-ba41-936d1482b508","Kara4","Aracely59@gmail.com","d8vljUJPErhJzdwnfb3o"
"bc006cda-14a9-4dfc-917b-2335a000a7cd","Lauryn.Howe20","Roberto.Emmerich@yahoo.com","UNAVZ24iTNkHKvEHriru"
"bd4ae2a4-494d-40e3-8a93-1ee586391596","Eda97","Dovie.Cormier44@yahoo.com","OtwIEgzOTkdqcpZVTqxT"
"c0a6df8a-84fb-4dc4-8fec-dd27b66c3858","Providenci_Breitenberg","Keven12@gmail.com","PwTsbaT3n4vVelEQ61AV"
"c1cd0350-95d4-4078-9cf1-77433af14c63","Lauryn.Stoltenberg","Micah_Vandervort23@hotmail.com","WFx9CIM32Q0Nbz3wytCn"
"c237e76a-741a-41bc-a400-753cb796ef2f","Kiera16","Humberto74@gmail.com","kecL2q7bZjUNfV0ADQaF"
"c24a2307-99d7-4905-b713-7a9eb32492f8","Vada_Rice","Enid.Donnelly@yahoo.com","09F8MiVEjg4XecNeZ3f_"
"c39d37e2-ad64-42d7-bcfb-e11002d384e2","Peyton_Hoppe","Russel_Leffler79@gmail.com","sZZRVOd7yd9yNmEN2fR_"
"c3d6c085-b3af-4865-bc6d-bff48e90c494","Kailyn.Reichert","Maiya_Durgan@gmail.com","zAfvWGcV9gtfMPt7lsgV"
"c40bf8a8-984a-422d-8367-4f3bd36d7872","Hershel_Oberbrunner","Ethan_Kautzer31@hotmail.com","zo7qZ1MsDoWgGtoPGpw2"
"c49a31aa-1d7a-498e-aca2-0bf2c09a8a15","Josephine_Watsica35","Kay.Kshlerin@hotmail.com","zzV2o_O6i0cem18XeMcZ"
"c78293c1-9b40-4a28-b5f4-122dc14b01c5","Ezekiel_Hilll-Effertz","Pinkie_Wolf98@yahoo.com","A3ux3hql_0AdZ68maeVi"
"c7c2ab3c-6700-4113-83bc-24d88125049b","Darrel94","Quincy16@yahoo.com","FK7nLUVbspUVEY41xHrZ"
"c7ef6873-a9df-47ae-adfe-7713fa9fcba2","Oral4","Fiona.Stamm@hotmail.com","9TPTjOYiwQyYin21CY0C"
"c99f4beb-e49e-4af0-a5e7-effd4938407b","Aditya.Schultz","Felix.Flatley44@hotmail.com","psUKQfCQlO80dDwv1SfR"
"cc8220eb-a760-40ee-b813-897a9dbed3d2","Eldon.Aufderhar","Shyanne3@hotmail.com","hUvxqZCkaBFHcr0AWT8J"
"ce2fc3c4-93cb-4c09-b5b5-fc71b5599074","Charley_Schmeler","Audie_Kohler35@yahoo.com","8JE3aeXBiYJ7Ateic20W"
"ce33139f-8ec7-4855-a97d-711e72f99ea3","Darrin50","Tre.Medhurst58@yahoo.com","4Iht1fVtYJZDk17URkuH"
"ce632c47-fd78-4141-893f-e9f73ef2de57","Ollie1","Nadia.Kulas62@yahoo.com","DRz_4L_YUxZgQnonqrNk"
"ce63a34e-5177-445c-8444-0121159d6617","Marian72","Makenna_Howe92@gmail.com","50MBHRrVlop4Ez9SY6Kp"
"ce724b1e-e4a2-44ba-8fa8-68b7bd3db9ca","Gustave75","Darrel.Corkery93@hotmail.com","wDKn0nvaqVB3d8bB3vQv"
"d089f8b0-1ff8-4952-871a-989006eaf7a3","Judd.Miller","Janis_Thompson65@yahoo.com","OrvnZM3lRBf2dIpESvgA"
"d16c9da0-7447-44a0-8403-77f9f0ddb431","Una_Kris95","Freeman_Konopelski@hotmail.com","YJVQiPWK96ns3uodJ3pL"
"d2223dc9-b929-4aa9-bd84-1251d65de0ed","Emmalee.Franey57","Austen73@hotmail.com","qC_30sJpMbqgwyFqFf04"
"d30c502e-b57f-4f46-9ec1-152ba1eeee1e","Florida.Hammes27","Fausto_Bashirian77@hotmail.com","bPTbavRIaz8n_J3A2BPW"
"d37c8b13-ec89-48de-a202-89ac120b4e2e","Oma80","Edwin.Jast@yahoo.com","klFQaFHTpFgfmBwI657M"
"d40531a7-e405-4b46-9d2b-f7c99c2a77fc","Reyes_Harvey","Delilah.Ortiz-McClure@yahoo.com","UXeCXdrTlJhiSLDvY25p"
"d44bf620-ca5e-44af-8326-835f54d57bfc","Maia22","Newton.Heathcote19@hotmail.com","vKkfrhn7CjMF02BHATIM"
"d481e30e-c62b-4763-a448-9846e0940263","Litzy_Streich64","Marlen.Hahn42@hotmail.com","yZT927kIOaaMttpIGbcC"
"d5762155-3091-47a3-b78f-e467a517e19f","Dameon70","Jazmin.Hills@hotmail.com","jm7DIJCptErX_7U72VDo"
"d61e01e3-bfb4-4108-98ce-936e1bc3c28a","Toney44","Winifred.Runolfsson71@gmail.com","xC14dZuHlPjK2p8nEdSi"
"d7fca54c-6e8d-464b-8e02-47d5899cde50","Anabel_Smitham","Barbara76@gmail.com","xxT2eeEvUS8owGEtuTRY"
"d9a9b604-2219-40a8-a969-34b60941fcf2","Lacey.Nicolas","Casey.Schinner@hotmail.com","PDQpZEx4RKORTujj6lkF"
"da40f07a-84c6-4b9a-a7cb-e7d8bb03b958","Rosanna_Maggio-Ritchie10","Marvin_Flatley@hotmail.com","bRi0hQINAKHYo8DhQBKD"
"da8de603-41c2-4a62-87b8-1b46dbe06fad","Elnora.Bergnaum","Rocky_Bergnaum@yahoo.com","JR9cZp_1cyS8S_975a6h"
"daf94e31-d126-48c4-a95d-d69993ac665a","Cecile23","Vivienne_Breitenberg@hotmail.com","fiVT2fLG7aVnLyMIfOJH"
"db99f2f6-6859-4db7-b40e-a2ce3ea82668","Francisca_Olson96","Dax.Carter@hotmail.com","EKFii24vWo2hkBZ9_QMi"
"dc8f5877-cec6-40aa-8775-ac6b70721f53","Lue58","Dave_Stark@hotmail.com","gnKlq63KvO6kefhudzGo"
"dce53e97-cec2-4286-a2c2-a207a1b79492","Emelie77","Carlotta.Fadel51@hotmail.com","oVcbWbd8C4BT_lJMqO_W"
"de123193-8ee1-42b0-a81c-e59c9389450f","Ethan_Graham","Rebeca_Weimann99@yahoo.com","De1qOXERu9cUBPE0aErY"
"de5354bd-c99a-42d8-963c-21900a4dfaf2","Lela_Wuckert","Josie_Marvin16@gmail.com","91HkUK5T1XYnAzuTgmPh"
"df5488ee-c2e3-46ec-95b5-e09b6e0210c4","Kristian_Franey","Tom_Renner-Krajcik79@gmail.com","iVrRAcj016OZpM5RsMnR"
"e05ae0f3-7096-4c0f-b91b-23a5a6547b23","Daphnee_Windler","Meda_Luettgen28@hotmail.com","ZZZtfecn_NwR_5cMTh8d"
"e271cfa5-9e7d-4bd7-bbb7-b5db440d0e44","Terrance44","Leta.Rosenbaum59@yahoo.com","BvOGv38G3JJIwdTvJZgl"
"e2b067b6-e3a3-4a4a-a4c3-11d1ee5638f7","Katarina_OReilly9","Stewart65@yahoo.com","70LV1yghQuaQK6K17mbG"
"e2f9286b-7748-4f30-ae48-c4210ce39aa0","Willy_West","Liza_Kovacek@gmail.com","9nWcW9il1nYSyZpCSeRD"
"e36736ab-0945-4387-a796-ab1bc0fb65dc","Anne95","Eldora_Farrell76@hotmail.com","S50UXCm_NmmAmBxFPeZQ"
"e39cd1b0-dee1-4469-9c23-e06c05e8d538","Lonie69","Meagan25@yahoo.com","hm4HtPsgnAH5p9Bd_KtF"
"e438b2b8-3f52-4fc4-a000-f328563dc8ce","Ona72","Tomasa_Murray48@yahoo.com","4_1ls0eoppEqcDFh9Xon"
"e5ad9f1c-7a2d-408a-8310-d6135790f8fc","Samara.Hoeger","Aron_Kuhn@gmail.com","oGla1IPn1Ns0gn2zca0K"
"e87b8a18-ca95-4ddb-9c6c-e81af0c3efd8","Fredrick.Hettinger43","Cynthia.Schneider75@gmail.com","E7ygxc9WAa62vgItYae9"
"e8bcda85-96a1-420b-84f5-b117140a875e","Leonardo.Fritsch69","Abbie_Hoeger60@yahoo.com","ZT4lZ1O2MVL8MEuk2LTk"
"e9ee9b50-aed7-4e9c-94a8-42542e3cb82f","Fermin.Stehr55","Grace13@hotmail.com","RujiMIZo3zviom3vveZx"
"ed6e45e0-44d0-4d87-967d-59f8e7d420ab","Major77","Kory.Erdman@yahoo.com","wpdcbqSSlU_aCXyLv4LU"
"eee2f471-651c-4e0d-8052-73d69fa4495a","Melyssa92","Erich9@gmail.com","AGK_ZbZYrjSDYi2Be_n3"
"efa86eca-4240-4974-a0c5-822d2aa4e489","Asia.Schowalter1","Lexi_Franecki42@yahoo.com","QhpTXM4hMteMFe7fqlke"
"f14b752c-900c-4daf-8602-4654f8c71e1e","Hassie79","Alivia45@yahoo.com","egbil2Amv_TqqEQrYiIS"
"f1562174-29db-459e-b103-2ecc10cc6c59","Ellis31","Daisha.Murphy@yahoo.com","Uz8ruk3_u1HVNP52k7f2"
"f376f84f-900a-46d7-bd0e-3ac904c91ee9","Clark17","Drew.Keebler67@yahoo.com","cEatkHo_FJnocyNH9lsg"
"f409bc5e-f990-406d-8426-d8e2b1a904ee","Pete.Beahan","Hailey86@gmail.com","RBSGD60gVSnDLG62vAYZ"
"f692e7e2-d189-4204-8ae9-b6b8ac8646cb","Orie.Fadel","Lavada4@hotmail.com","ZgzXBDDyXH2k65sBCGfW"
"f6ce52bf-64f2-40e5-8977-6ff2c024124b","Sadye84","Elise98@gmail.com","rpcA1so8VNZCQ0bRjPtG"
"f7e868df-1a03-42b4-98d5-5dae545a92a0","Stewart.Herzog-Hauck48","Aiyana.Corkery74@yahoo.com","fOiyTd7vfd7jpMqqqYsT"
"f834480c-8286-4686-9183-614a56472f80","Shannon.Fahey","Kane_Herman@yahoo.com","cGvZmSrtz7wSJ_FiUVQN"
"f8d15b43-3a8f-4057-8fff-7634afefb432","Talon.Pollich","Deshaun.Sauer3@yahoo.com","3vdzzqX57P8tKR1HvzhC"
"fb8d74c5-69fd-40c5-9366-b90a262911f6","Oren38","Vernie.Raynor@yahoo.com","hxdaUdE_0PgpDequ7QWx"
"fc1cc70f-2ffa-4215-9fbf-bdd522a99552","Hipolito.Kohler98","Bernard11@gmail.com","tOBVR9EE0hCORqriMki5"
"fce95eaa-ed8b-49bb-a1f4-c540e11867de","Alejandra_McDermott","Devante.Spencer@yahoo.com","fjwO2eSC_UuM4Btny4ka"
"fd730c4d-f155-4e84-b83b-b07d011e8771","Alta.Kozey-Glover","Sammie0@hotmail.com","0OVrNjQIQWQ5oe96ya4v"
"ff85c0f2-300b-446a-88cb-1a38383d1c56","Garrett.Kuphal88","Krystel_Barton3@yahoo.com","V4FnJVc5EIrSBBACf3ky"
